[
  {
    "id": 1,
    "name": "Zen Pro 1",
    "brand": "UrbanStep",
    "category": "Training",
    "price": 5499,
    "sizes": [
      6,
      7,
      8,
      9,
      10,
      11
    ],
    "image": "/static/img/shoe1.png",
    "description": "Lightweight, breathable upper with cushioned midsole. Reliable traction for daily wear."
  },
  {
    "id": 2,
    "name": "Bolt Pro 2",
    "brand": "TrailFox",
    "category": "Basketball",
    "price": 4999,
    "sizes": [
      6,
      7,
      8,
      9,
      10,
      11
    ],
    "image": "/static/img/shoe2.png",
    "description": "Lightweight, breathable upper with cushioned midsole. Reliable traction for daily wear."
  },
  {
    "id": 3,
    "name": "Flux Flex 3",
    "brand": "UrbanStep",
    "category": "Casual",
    "price": 4499,
    "sizes": [
      6,
      7,
      8,
      9,
      10,
      11
    ],
    "image": "/static/img/shoe3.png",
    "description": "Lightweight, breathable upper with cushioned midsole. Reliable traction for daily wear."
  },
  {
    "id": 4,
    "name": "Bolt Lite 4",
    "brand": "TrailFox",
    "category": "Training",
    "price": 3999,
    "sizes": [
      6,
      7,
      8,
      9,
      10,
      11
    ],
    "image": "/static/img/shoe4.png",
    "description": "Lightweight, breathable upper with cushioned midsole. Reliable traction for daily wear."
  },
  {
    "id": 5,
    "name": "Rift Max 5",
    "brand": "UrbanStep",
    "category": "Training",
    "price": 2999,
    "sizes": [
      6,
      7,
      8,
      9,
      10,
      11
    ],
    "image": "/static/img/shoe5.png",
    "description": "Lightweight, breathable upper with cushioned midsole. Reliable traction for daily wear."
  },
  {
    "id": 6,
    "name": "Flux Pro 6",
    "brand": "AeroKick",
    "category": "Basketball",
    "price": 2999,
    "sizes": [
      6,
      7,
      8,
      9,
      10,
      11
    ],
    "image": "/static/img/shoe6.png",
    "description": "Lightweight, breathable upper with cushioned midsole. Reliable traction for daily wear."
  },
  {
    "id": 7,
    "name": "Rift Flex 7",
    "brand": "UrbanStep",
    "category": "Running",
    "price": 4499,
    "sizes": [
      6,
      7,
      8,
      9,
      10,
      11
    ],
    "image": "/static/img/shoe7.png",
    "description": "Lightweight, breathable upper with cushioned midsole. Reliable traction for daily wear."
  },
  {
    "id": 8,
    "name": "Pulse Flex 8",
    "brand": "TrailFox",
    "category": "Training",
    "price": 5499,
    "sizes": [
      6,
      7,
      8,
      9,
      10,
      11
    ],
    "image": "/static/img/shoe8.png",
    "description": "Lightweight, breathable upper with cushioned midsole. Reliable traction for daily wear."
  },
  {
    "id": 9,
    "name": "Rift Lite 9",
    "brand": "StrideX",
    "category": "Casual",
    "price": 4999,
    "sizes": [
      6,
      7,
      8,
      9,
      10,
      11
    ],
    "image": "/static/img/shoe9.png",
    "description": "Lightweight, breathable upper with cushioned midsole. Reliable traction for daily wear."
  },
  {
    "id": 10,
    "name": "Rift Pro 10",
    "brand": "AeroKick",
    "category": "Casual",
    "price": 5999,
    "sizes": [
      6,
      7,
      8,
      9,
      10,
      11
    ],
    "image": "/static/img/shoe1.png",
    "description": "Lightweight, breathable upper with cushioned midsole. Reliable traction for daily wear."
  },
  {
    "id": 11,
    "name": "Pulse Pro 11",
    "brand": "StrideX",
    "category": "Running",
    "price": 3999,
    "sizes": [
      6,
      7,
      8,
      9,
      10,
      11
    ],
    "image": "/static/img/shoe2.png",
    "description": "Lightweight, breathable upper with cushioned midsole. Reliable traction for daily wear."
  },
  {
    "id": 12,
    "name": "Pulse Lite 12",
    "brand": "StrideX",
    "category": "Training",
    "price": 3499,
    "sizes": [
      6,
      7,
      8,
      9,
      10,
      11
    ],
    "image": "/static/img/shoe3.png",
    "description": "Lightweight, breathable upper with cushioned midsole. Reliable traction for daily wear."
  }
]